First Name,Last Name,Age,Designation
Paul ,Franco,34,Musician
Keith ,Wright,24,Physicist
Curtis ,Barker,45,Hardware Engineer
Michael ,Peters,34,Medical Sonographer
Angela ,Barnes,53,Actuary
Ashley ,Herrera,34,Relations Specialist
Christian ,Gonzalez,32,Recreational Therapist
Audrey ,Williams,23,Urban Planner
Michael ,Moore,34,Language Pathologist
Kristin ,Shaw,23,Security Guard
Danielle ,Wallace,43,HR Specialist
Daniel ,Jensen,23,Medical Assistant
Roberta,Schneider,34,Referee
Alex ,James,42,Photographer
Jared, Hopkins,25,Automotive mechanic
Alyssa ,Lozano,26,Chemist
Donna ,Sutton,27,Financial Advisor
Daniel ,Green,28,School Teacher
Susan ,Miranda,29,Dental Hygienist
Johnathan,Washington,30,Farmer
Lisa ,Lamb,31,Accountant
Adam ,Taylor,27,Mason
Ronald ,Garner,28,School Counselor
Laura ,Ruiz,29,Coach
Andrew ,Odonnell,30,Dancer
Kimberly,Taylor,31,Loan Officer
Michael ,Mccall,43,Systems Administrator
Raymond ,Montgomery,32,Designer
Laura ,Pham,33,Childcare worker
Kelly ,Castro,34,Truck Driver